{"uid":"258","data":"[{\"name\":\"view\",\"id\":\"0\",\"type\":\"data\"},{\"name\":\"library\",\"id\":\"1\",\"type\":\"data\"},{\"name\":\"resource\",\"id\":\"2\",\"type\":\"data\"},{\"name\":\"file\",\"id\":\"3\",\"type\":\"data\"},{\"name\":\"logic\",\"id\":\"4\",\"type\":\"data\"},{\"name\":\"en_light.ttf\",\"id\":\"5\",\"type\":\"fonts\"},{\"name\":\"en_bold.ttf\",\"id\":\"6\",\"type\":\"fonts\"},{\"name\":\"en_medium.ttf\",\"id\":\"7\",\"type\":\"fonts\"},{\"name\":\"icon.png\",\"id\":\"8\",\"type\":\"icons\"},{\"name\":\"mne.png\",\"id\":\"9\",\"type\":\"images\"},{\"name\":\"cpp.png\",\"id\":\"10\",\"type\":\"images\"},{\"name\":\"icon_regular.png\",\"id\":\"11\",\"type\":\"images\"},{\"name\":\"mor.png\",\"id\":\"12\",\"type\":\"images\"},{\"name\":\"dpp_1.png\",\"id\":\"13\",\"type\":\"images\"},{\"name\":\"poo.png\",\"id\":\"14\",\"type\":\"images\"},{\"name\":\"sor.png\",\"id\":\"15\",\"type\":\"images\"},{\"name\":\"dpp.png\",\"id\":\"16\",\"type\":\"images\"},{\"name\":\"bhh_1.png\",\"id\":\"17\",\"type\":\"images\"},{\"name\":\"cpi_5.png\",\"id\":\"18\",\"type\":\"images\"},{\"name\":\"dpp_2.png\",\"id\":\"19\",\"type\":\"images\"},{\"name\":\"search.png\",\"id\":\"20\",\"type\":\"images\"},{\"name\":\"cpi_4.png\",\"id\":\"21\",\"type\":\"images\"},{\"name\":\"cpi_3.png\",\"id\":\"22\",\"type\":\"images\"},{\"name\":\"alm.png\",\"id\":\"23\",\"type\":\"images\"},{\"name\":\"cpi_6.png\",\"id\":\"24\",\"type\":\"images\"},{\"name\":\"bhh_2.png\",\"id\":\"25\",\"type\":\"images\"},{\"name\":\"cpi_7.png\",\"id\":\"26\",\"type\":\"images\"},{\"name\":\"cpi_1.png\",\"id\":\"27\",\"type\":\"images\"},{\"name\":\"project\",\"id\":\"28\",\"type\":\"project\"}]","version":"29"}